{"cameraMode":{"drawMode":0,"name":"Shaded","section":"Shading Mode"},"sceneLighting":false,"audioPlay":false,"sceneViewState":{"m_AlwaysRefresh":false,"showFog":true,"showSkybox":false,"showFlares":true,"showImageEffects":true,"showParticleSystems":true,"showVisualEffectGraphs":true,"m_FxEnabled":true},"in2DMode":false,"pivot":{"x":0.2769196629524231,"y":0.9897096157073975,"z":-0.18765902519226075},"rotation":{"x":-0.027906719595193864,"y":0.9719902873039246,"z":-0.15766724944114686,"w":-0.17205655574798585},"size":1.0505415201187134,"orthographic":false}