{"cameraMode":{"drawMode":0,"name":"Shaded","section":"Shading Mode"},"sceneLighting":false,"audioPlay":false,"sceneViewState":{"m_AlwaysRefresh":false,"showFog":true,"showSkybox":false,"showFlares":true,"showImageEffects":true,"showParticleSystems":true,"showVisualEffectGraphs":true,"m_FxEnabled":true},"in2DMode":false,"pivot":{"x":-0.07118916511535645,"y":1.0192619562149048,"z":0.5820736289024353},"rotation":{"x":-0.00021428907348308712,"y":0.9982126355171204,"z":-0.0599743127822876,"w":-0.0035935959313064815},"size":0.3448244035243988,"orthographic":false}