{"cameraMode":{"drawMode":0,"name":"Shaded","section":"Shading Mode"},"sceneLighting":false,"audioPlay":false,"sceneViewState":{"m_AlwaysRefresh":false,"showFog":false,"showSkybox":false,"showFlares":false,"showImageEffects":false,"showParticleSystems":false,"showVisualEffectGraphs":true,"m_FxEnabled":true},"in2DMode":false,"pivot":{"x":-5.960464477539063e-8,"y":0.8889560699462891,"z":0.010344088077545166},"rotation":{"x":-0.05680689215660095,"y":0.9353451132774353,"z":-0.1763085424900055,"w":-0.30136990547180178},"size":1.0505415201187134,"orthographic":false}