{"cameraMode":{"drawMode":0,"name":"Shaded","section":"Shading Mode"},"sceneLighting":true,"audioPlay":false,"sceneViewState":{"m_AlwaysRefresh":false,"showFog":true,"showSkybox":true,"showFlares":true,"showImageEffects":true,"showParticleSystems":true,"showVisualEffectGraphs":true,"m_FxEnabled":true},"in2DMode":false,"pivot":{"x":-0.051436662673950198,"y":1.0385180711746216,"z":-0.032819151878356937},"rotation":{"x":-0.0728401392698288,"y":0.9065473675727844,"z":-0.17510831356048585,"w":-0.37709841132164},"size":1.0505415201187134,"orthographic":false}