{"cameraMode":{"drawMode":0,"name":"Shaded","section":"Shading Mode"},"sceneLighting":true,"audioPlay":false,"sceneViewState":{"m_AlwaysRefresh":false,"showFog":true,"showSkybox":true,"showFlares":true,"showImageEffects":true,"showParticleSystems":true,"showVisualEffectGraphs":true,"m_FxEnabled":true},"in2DMode":false,"pivot":{"x":-0.010000228881835938,"y":1.994999885559082,"z":1.0974998474121094},"rotation":{"x":-0.05680689215660095,"y":0.9353451132774353,"z":-0.1763085424900055,"w":-0.30136990547180178},"size":17.677127838134767,"orthographic":false}